#,file,line,original_code,suggested_target,status
1,Support/WechatWork/ArchiveDecryptor.php,16,"throw new RuntimeException('encodingAesKey is required');",DomainException,auto
2,Support/WechatWork/ArchiveDecryptor.php,69,"throw new RuntimeException('Invalid RSA private key');",ServiceUnavailableException,auto
3,Support/WechatWork/ArchiveDecryptor.php,75,"throw new RuntimeException('RSA decryption failed');",ServiceUnavailableException,auto
4,Isolation/SchemaPerTenantStrategy.php,43,"throw new RuntimeException(trans('tenant.isolation_schema_unsupported'));",DomainException,auto
5,Isolation/SchemaPerTenantStrategy.php,66,"throw new RuntimeException(trans('tenant.isolation_schema_unsupported'));",DomainException,auto
6,Isolation/DatabasePerTenantStrategy.php,161,"throw new RuntimeException(",ServiceUnavailableException,auto
7,Isolation/DatabasePerTenantStrategy.php,195,"throw new RuntimeException(",DomainException,auto
8,Jobs/ProcessWebhookDelivery.php,96,"throw new \RuntimeException('Webhook delivery failed with HTTP status ' . $statusCode);",StorageException,auto
9,Jobs/DispatchEventJob.php,79,"throw new \RuntimeException(",NotFoundException,auto
10,Jobs/DispatchEventJob.php,88,"throw new \RuntimeException(",DomainException,auto
11,Jobs/DispatchEventJob.php,118,"throw new \RuntimeException('Webhook delivery failed with HTTP status ' . $response->status());",StorageException,auto
12,Modules/Form/Services/FormBuilderService.php,98,"throw new \RuntimeException(trans('form.form_not_published'));",DomainException,auto
13,Modules/Form/Services/FormBuilderService.php,102,"throw new \RuntimeException(trans('form.form_not_started'));",DomainException,auto
14,Modules/Form/Services/FormBuilderService.php,106,"throw new \RuntimeException(trans('form.form_ended'));",DomainException,auto
15,Modules/Form/Services/FormBuilderService.php,112,"throw new \RuntimeException(trans('form.form_submit_limit'));",DomainException,auto
16,Modules/Form/Services/FormBuilderService.php,140,"throw new \RuntimeException(trans('form.field_required', ['field' => $field->label]));",DomainException,auto
17,Modules/Form/Services/FormBuilderService.php,159,"'number' => is_numeric($value) ? (float) $value : throw new \RuntimeException(""{$field->label} 必须是数字""),",DomainException,auto
18,Modules/Form/Services/FormBuilderService.php,160,"'email' => filter_var($value, FILTER_VALIDATE_EMAIL) ? $value : throw new \RuntimeException(""{$field->label} 格式不正确""),",DomainException,auto
19,Modules/Form/Services/FormBuilderService.php,161,"'phone' => preg_match('/^1[3-9]\d{9}$/', $value) ? $value : throw new \RuntimeException(""{$field->label} 格式不正确""),",DomainException,auto
20,Modules/Form/Services/FormBuilderService.php,162,"'select', 'radio' => in_array($value, $field->options ?? []) ? $value : throw new \RuntimeException(""{$field->label} 选项无效""),",DomainException,auto
21,Modules/Form/Services/FormBuilderService.php,166,"'time' => preg_match('/^\d{2}:\d{2}(:\d{2})?$/', $value) ? $value : throw new \RuntimeException(""{$field->label} 时间格式不正确""),",DomainException,auto
22,Modules/Form/Services/FormBuilderService.php,182,"throw new \RuntimeException(""{$field->label} 签名数据格式不正确"");",DomainException,auto
23,Modules/Form/Services/FormBuilderService.php,187,"throw new \RuntimeException(""{$field->label} 签名数据格式不正确"");",DomainException,auto
24,Modules/Form/Services/FormBuilderService.php,200,"throw new \RuntimeException(""{$field->label} 位置数据格式不正确"");",DomainException,auto
25,Modules/Form/Services/FormBuilderService.php,204,"throw new \RuntimeException(""{$field->label} 缺少经纬度信息"");",DomainException,auto
26,Modules/Form/Services/FormBuilderService.php,208,"throw new \RuntimeException(""{$field->label} 经纬度必须是数字"");",DomainException,auto
27,Modules/Form/Services/FormBuilderService.php,215,"throw new \RuntimeException(""{$field->label} 纬度范围不正确"");",DomainException,auto
28,Modules/Form/Services/FormBuilderService.php,219,"throw new \RuntimeException(""{$field->label} 经度范围不正确"");",DomainException,auto
29,Modules/Form/Services/FormBuilderService.php,237,"throw new \RuntimeException(""{$field->label} 级联选择数据格式不正确"");",DomainException,auto
30,Modules/Form/Services/FormBuilderService.php,247,"throw new \RuntimeException(""{$field->label} 第 "" . ($level + 1) . ' 级选择值格式不正确');",DomainException,auto
31,Modules/Form/Services/FormBuilderService.php,263,"throw new \RuntimeException(""{$field->label} 第 "" . ($level + 1) . ' 级选择值无效');",DomainException,auto
32,Modules/SSL/Services/TenantSslService.php,39,"throw new RuntimeException(trans('ssl.no_domain'));",DomainException,auto
33,Modules/SSL/Services/TenantSslService.php,51,"throw new RuntimeException(""无法创建证书目录: {$dir}"");",StorageException,auto
34,Modules/SSL/Services/TenantSslService.php,63,"throw new RuntimeException(""证书文件写入失败: {$certFile}"");",StorageException,auto
35,Modules/SSL/Services/TenantSslService.php,69,"throw new RuntimeException(""私钥文件写入失败: {$keyFile}"");",StorageException,auto
36,Modules/Auth/Services/IdentityProviderOAuthService.php,98,"throw new \RuntimeException(trans('common.invalid_request'));",DomainException,auto
37,Modules/Auth/Services/IdentityProviderOAuthService.php,104,"throw new \RuntimeException(trans('common.oauth_state_invalid'));",DomainException,auto
38,Modules/Auth/Services/IdentityProviderOAuthService.php,121,"throw new \RuntimeException($err);",DomainException,auto
39,Modules/Auth/Services/IdentityProviderOAuthService.php,137,"throw new \RuntimeException(trans('common.invalid_request'));",DomainException,auto
40,Modules/Auth/Services/IdentityProviderOAuthService.php,156,"throw new \RuntimeException('Identity provider verification failed');",ServiceUnavailableException,auto
41,Modules/Auth/Services/IdentityProviderOAuthService.php,162,"throw new \RuntimeException('Identity provider token invalid');",DomainException,auto
42,Modules/Auth/Services/IdentityProviderOAuthService.php,220,"throw new \RuntimeException('IdP returned empty user identifier');",ServiceUnavailableException,auto
43,Modules/Auth/Services/WechatWorkOAuthService.php,58,"throw new \RuntimeException(trans('common.oauth_not_configured', ['provider' => 'wechat_work', 'tenant' => $tenantId]));",ServiceUnavailableException,auto
44,Modules/Auth/Services/WechatWorkOAuthService.php,108,"throw new \RuntimeException(trans('common.invalid_request'));",DomainException,auto
45,Modules/Auth/Services/WechatWorkOAuthService.php,120,"throw new \RuntimeException('WechatWork: neither UserId nor OpenId returned');",ServiceUnavailableException,auto
46,Modules/Auth/Services/WechatWorkOAuthService.php,167,"throw new \RuntimeException('WechatWork: empty access_token returned');",ServiceUnavailableException,auto
47,Modules/Auth/Services/WechatWorkOAuthService.php,223,"throw new \RuntimeException(""WechatWork API request failed: HTTP {$resp->status()}"");",ServiceUnavailableException,auto
48,Modules/Auth/Services/WechatWorkOAuthService.php,236,"throw new \RuntimeException(""WechatWork API error [{$errCode}]: {$errMsg}"");",ServiceUnavailableException,auto
49,Modules/Auth/Services/WechatOAuthService.php,53,"throw new \RuntimeException(trans('common.oauth_not_configured', ['provider' => 'wechat', 'tenant' => $tenantId]));",ServiceUnavailableException,auto
50,Modules/Auth/Services/WechatOAuthService.php,98,"throw new \RuntimeException(trans('common.invalid_request'));",DomainException,auto
51,Modules/Auth/Services/WechatOAuthService.php,166,"throw new \RuntimeException(""Wechat API request failed: HTTP {$resp->status()}"");",ServiceUnavailableException,auto
52,Modules/Auth/Services/WechatOAuthService.php,179,"throw new \RuntimeException(""Wechat API error [{$errCode}]: {$errMsg}"");",ServiceUnavailableException,auto
53,Modules/Auth/Services/SsoService.php,120,"throw new \RuntimeException(trans('auth.sso_provider_disabled'));",ServiceUnavailableException,auto
54,Modules/Auth/Services/SsoService.php,130,"throw new \RuntimeException(trans('auth.sso_provider_type_invalid'));",DomainException,auto
55,Modules/Auth/Services/SsoService.php,145,"throw new \RuntimeException(trans('auth.sso_provider_disabled'));",ServiceUnavailableException,auto
56,Modules/Auth/Services/SsoService.php,153,"throw new \RuntimeException(trans('auth.sso_provider_type_invalid'));",DomainException,auto
57,Modules/Auth/Services/SsoService.php,159,"throw new \RuntimeException(trans('auth.sso_external_id_missing'));",DomainException,auto
58,Modules/Auth/Services/SsoService.php,242,"throw new \RuntimeException(trans('auth.saml_response_invalid'));",DomainException,auto
59,Modules/Auth/Services/SsoService.php,262,"throw new \RuntimeException(trans('auth.saml_response_invalid'));",DomainException,auto
60,Modules/Auth/Services/SsoService.php,418,"throw new \RuntimeException(trans('auth.oidc_token_exchange_failed'));",ServiceUnavailableException,auto
61,Modules/Auth/Services/SsoService.php,423,"throw new \RuntimeException(trans('auth.oidc_token_exchange_failed'));",ServiceUnavailableException,auto
62,Modules/Auth/Services/SsoService.php,439,"throw new \RuntimeException(trans('auth.oidc_userinfo_failed'));",ServiceUnavailableException,auto
63,Modules/Auth/Services/SsoService.php,444,"throw new \RuntimeException(trans('auth.oidc_userinfo_failed'));",ServiceUnavailableException,auto
64,Modules/Auth/Services/SsoService.php,573,"throw new \RuntimeException(trans('auth.saml_response_missing'));",DomainException,auto
65,Modules/Auth/Services/SsoService.php,578,"throw new \RuntimeException(trans('auth.saml_response_invalid'));",DomainException,auto
66,Modules/Auth/Services/SsoService.php,584,"throw new \RuntimeException(trans('auth.saml_signature_invalid'));",DomainException,auto
67,Modules/Auth/Services/SsoService.php,607,"throw new \RuntimeException(trans('auth.oidc_code_missing'));",DomainException,auto
68,Modules/Auth/Services/SsoService.php,631,"throw new \RuntimeException(trans('auth.oidc_jwt_invalid'));",DomainException,auto
69,Modules/Auth/Services/SsoService.php,636,"throw new \RuntimeException(trans('auth.oidc_jwt_invalid'));",DomainException,auto
70,Modules/Auth/Services/SsoService.php,642,"throw new \RuntimeException(trans('auth.oidc_jwt_invalid'));",DomainException,auto
71,Modules/Auth/Services/SsoService.php,716,"throw new \RuntimeException(implode(';', $validator->errors()->all()));",DomainException,auto
72,Modules/Auth/Services/AlipayOAuthService.php,68,"throw new \RuntimeException(trans('common.oauth_not_configured', ['provider' => 'alipay', 'tenant' => $tenantId]));",ServiceUnavailableException,auto
73,Modules/Auth/Services/AlipayOAuthService.php,115,"throw new \RuntimeException(trans('common.invalid_request'));",DomainException,auto
74,Modules/Auth/Services/AlipayOAuthService.php,196,"throw new \RuntimeException('Alipay gateway request failed: HTTP ' . $resp->status());",ServiceUnavailableException,auto
75,Modules/Auth/Services/AlipayOAuthService.php,210,"throw new \RuntimeException('Alipay gateway error: ' . $msg);",ServiceUnavailableException,auto
76,Modules/Auth/Services/AlipayOAuthService.php,216,"throw new \RuntimeException('Alipay gateway response key missing: ' . $responseKey);",ServiceUnavailableException,auto
77,Modules/Auth/Services/AlipayOAuthService.php,226,"throw new \RuntimeException('Alipay gateway response signature verification failed');",ServiceUnavailableException,auto
78,Modules/Auth/Services/AlipayOAuthService.php,251,"throw new \RuntimeException('Alipay RSA2 sign failed');",ServiceUnavailableException,auto
79,Modules/Auth/Services/AlipayOAuthService.php,320,"throw new \RuntimeException('Alipay user_id missing');",DomainException,auto
80,Modules/Auth/Services/RbacService.php,159,"throw new \RuntimeException(trans('tenant.system_role_protected'));",DomainException,auto
81,Modules/Auth/Services/RbacService.php,171,"throw new \RuntimeException(trans('tenant.system_role_no_delete'));",DomainException,auto
82,Modules/Auth/Services/SocialiteService.php,91,"throw new \RuntimeException(trans('common.oauth_not_configured', ['provider' => $provider, 'tenant' => $tenantId]));",ServiceUnavailableException,auto
83,Modules/Notification/Services/MailTemplateService.php,49,"throw new \RuntimeException(trans('notification.mail_templates.not_found'));",NotFoundException,auto
84,Modules/Notification/Services/MailTemplateService.php,232,"throw new \RuntimeException(trans('notification.mail_templates.invalid_status'));",DomainException,auto
85,Modules/Payment/Services/PaymentService.php,163,"throw new \RuntimeException(trans('payment.h5_preorder_failed') . ': ' . ($resp['message'] ?? trans('common.unknown_error')));",ServiceUnavailableException,auto
86,Modules/Payment/Services/PaymentService.php,219,"throw new \RuntimeException(trans('payment.native_preorder_failed') . ': ' . ($resp['message'] ?? trans('common.unknown_error')));",ServiceUnavailableException,auto
87,Modules/Payment/Services/PaymentService.php,273,"throw new \RuntimeException(trans('payment.jsapi_preorder_failed') . ': ' . ($resp['message'] ?? trans('common.unknown_error')));",ServiceUnavailableException,auto
88,Modules/Payment/Services/PaymentService.php,359,"throw new \RuntimeException(trans('payment.signature_invalid'));",DomainException,auto
89,Modules/Platform/Services/FeatureFlagService.php,507,"throw new \RuntimeException(trans('common.feature_flag_not_found', ['name' => $name]));",NotFoundException,auto
90,Modules/Voting/Services/VotingService.php,155,"throw new \RuntimeException(trans('voting.vote_not_active'));",DomainException,auto
91,Modules/Voting/Services/VotingService.php,159,"throw new \RuntimeException(trans('voting.vote_not_started'));",DomainException,auto
92,Modules/Voting/Services/VotingService.php,163,"throw new \RuntimeException(trans('voting.vote_ended'));",DomainException,auto
93,Modules/Voting/Services/VotingService.php,168,"throw new \RuntimeException(trans('voting.vote_single_only'));",DomainException,auto
94,Modules/Voting/Services/VotingService.php,175,"throw new \RuntimeException(trans('voting.vote_total_limit'));",DomainException,auto
95,Modules/Voting/Services/VotingService.php,185,"throw new \RuntimeException(trans('voting.vote_daily_limit'));",DomainException,auto
96,Modules/Voting/Services/VotingService.php,196,"throw new \RuntimeException(trans('voting.vote_user_daily_limit'));",DomainException,auto
97,Modules/Voting/Services/VotingService.php,206,"throw new \RuntimeException(trans('voting.vote_user_total_limit'));",DomainException,auto
98,Modules/Voting/Services/VotingService.php,217,"throw new \RuntimeException(trans('voting.vote_ip_limit'));",DomainException,auto
99,Modules/Voting/Services/VotingService.php,228,"throw new \RuntimeException(trans('voting.vote_fingerprint_limit'));",DomainException,auto
100,Modules/Voting/Services/VotingService.php,236,"throw new \RuntimeException(trans('voting.vote_invalid_option'));",DomainException,auto
101,Modules/Plugin/Services/PluginService.php,53,"throw new \RuntimeException(trans('common.plugin_not_found', ['name' => $pluginName]));",NotFoundException,auto
102,Modules/Plugin/Services/PluginService.php,62,"throw new \RuntimeException(trans('common.plugin_already_installed'));",DomainException,auto
103,Modules/Plugin/Services/PluginService.php,115,"throw new \RuntimeException(trans('common.plugin_not_installed'));",ServiceUnavailableException,auto
104,Modules/Plugin/Services/PluginService.php,137,"throw new \RuntimeException(trans('common.plugin_uninstall_failed') . ': ' . $e->getMessage(), 0, $e);",StorageException,auto
105,Modules/Plugin/Services/PluginService.php,154,"throw new \RuntimeException(trans('common.plugin_not_installed'));",ServiceUnavailableException,auto
106,Modules/Plugin/Services/PluginService.php,183,"throw new \RuntimeException(trans('common.plugin_not_installed'));",ServiceUnavailableException,auto
107,Modules/Plugin/Services/PluginService.php,232,"throw new \RuntimeException(trans('common.plugin_not_installed'));",ServiceUnavailableException,auto
108,Modules/Plugin/Services/PluginService.php,313,"throw new \RuntimeException(trans('common.plugin_dep_missing', ['dep' => $dep]));",ServiceUnavailableException,auto
109,Modules/Plugin/Services/PluginService.php,323,"throw new \RuntimeException(trans('common.plugin_dep_missing', ['dep' => $dep]));",ServiceUnavailableException,auto
110,Modules/Plugin/Services/PluginService.php,330,"throw new \RuntimeException(trans('common.plugin_dep_missing', ['dep' => $dep]));",ServiceUnavailableException,auto
111,Modules/User/Services/UserProfileService.php,94,"throw new \RuntimeException(trans('common.profile_update_failed') . ': ' . $e->getMessage(), 0, $e);",StorageException,auto
112,Modules/User/Services/UserProfileService.php,174,"throw new \RuntimeException(trans('common.preferences_update_failed') . ': ' . $e->getMessage(), 0, $e);",StorageException,auto
113,Modules/User/Services/UserProfileService.php,203,"throw new \RuntimeException(trans('common.preferences_reset_failed') . ': ' . $e->getMessage(), 0, $e);",StorageException,auto
114,Modules/Coupon/Services/CouponService.php,80,"throw new \RuntimeException('Failed to generate unique coupon code after ' . $maxAttempts . ' attempts.');",DomainException,auto
115,Modules/Coupon/Services/CouponService.php,147,"throw new \RuntimeException(trans('subscription.coupon_not_found'));",NotFoundException,auto
116,Modules/Coupon/Services/CouponService.php,151,"throw new \RuntimeException(trans('subscription.coupon_not_active'));",DomainException,auto
117,Modules/Coupon/Services/CouponService.php,155,"throw new \RuntimeException(trans('subscription.coupon_not_started'));",DomainException,auto
118,Modules/Coupon/Services/CouponService.php,159,"throw new \RuntimeException(trans('subscription.coupon_expired'));",DomainException,auto
119,Modules/Coupon/Services/CouponService.php,163,"throw new \RuntimeException(trans('subscription.coupon_usage_limit_reached'));",QuotaExceededException,auto
120,Modules/Coupon/Services/CouponService.php,167,"throw new \RuntimeException(trans('subscription.coupon_per_tenant_limit_reached'));",QuotaExceededException,auto
121,Modules/Coupon/Services/CouponService.php,171,"throw new \RuntimeException(",DomainException,auto
122,Modules/Coupon/Services/CouponService.php,179,"throw new \RuntimeException(trans('subscription.coupon_plan_not_applicable'));",DomainException,auto
123,Modules/Coupon/Services/CouponService.php,207,"throw new \RuntimeException(trans('subscription.coupon_invalid'));",DomainException,auto
124,Modules/Coupon/Services/CouponService.php,217,"throw new \RuntimeException(trans('subscription.coupon_per_tenant_limit_reached'));",QuotaExceededException,auto
125,Modules/Coupon/Services/CouponService.php,427,"throw new \RuntimeException('指定优惠券不是模板');",DomainException,auto
126,Modules/Coupon/Services/CouponService.php,461,"throw new \RuntimeException('指定优惠券不是模板');",DomainException,auto
127,Modules/Coupon/Services/CouponService.php,466,"throw new \RuntimeException(""该模板已生成 {$generatedCount} 张优惠券，无法删除"");",DomainException,auto
128,Modules/Coupon/Services/CouponService.php,521,"throw new \RuntimeException('指定优惠券不是模板');",DomainException,auto
129,Modules/Coupon/Services/CouponService.php,525,"throw new \RuntimeException('模板已停用，无法生成优惠券');",DomainException,auto
130,Modules/Coupon/Services/CouponService.php,558,"throw new \RuntimeException('指定优惠券不是模板');",DomainException,auto
131,Modules/Coupon/Services/CouponService.php,575,"throw new \RuntimeException('指定优惠券不是模板');",DomainException,auto
132,Modules/Coupon/Services/CouponService.php,605,"throw new \RuntimeException('指定优惠券不是模板');",DomainException,auto
133,Modules/Coupon/Services/CouponService.php,609,"throw new \RuntimeException('模板已停用，无法发券');",DomainException,auto
134,Modules/Coupon/Services/CouponService.php,660,"throw new \RuntimeException('指定优惠券不是模板');",DomainException,auto
135,Modules/Coupon/Services/CouponService.php,664,"throw new \RuntimeException('模板已停用，无法分享');",DomainException,auto
136,Modules/Coupon/Services/CouponService.php,696,"throw new \RuntimeException('分享链接无效或已使用');",ConflictException,auto
137,Modules/Coupon/Services/CouponService.php,701,"throw new \RuntimeException('无权接受此分享');",PermissionDeniedException,auto
138,Modules/Coupon/Services/CouponService.php,705,"throw new \RuntimeException('不能接受自己的分享');",DomainException,auto
139,Modules/Coupon/Services/CouponService.php,711,"throw new \RuntimeException('优惠券模板已停用');",DomainException,auto
140,Modules/Coupon/Services/CouponService.php,835,"throw new \RuntimeException(trans('subscription.coupon_not_found'));",NotFoundException,auto
141,Modules/Storage/Services/FileService.php,83,"throw new \RuntimeException(trans('file.size_exceeded'));",QuotaExceededException,auto
142,Modules/Storage/Services/FileService.php,89,"throw new \RuntimeException(trans('file.type_not_supported') . "": {$mimeType}"");",DomainException,auto
143,Modules/Storage/Services/FileService.php,94,"throw new \RuntimeException(trans('file.quota_exceeded'));",QuotaExceededException,auto
144,Modules/Storage/Services/FileService.php,176,"throw new \RuntimeException(trans('file.size_exceeded'));",QuotaExceededException,auto
145,Modules/Storage/Services/FileService.php,182,"throw new \RuntimeException(trans('file.type_not_supported') . "": {$mimeType}"");",DomainException,auto
146,Modules/Storage/Services/FileService.php,187,"throw new \RuntimeException(trans('file.quota_exceeded'));",QuotaExceededException,auto
147,Modules/Storage/Services/FileService.php,358,"throw new \RuntimeException(trans('file.not_found'));",NotFoundException,auto
148,Modules/Storage/Services/StorageConfigService.php,78,"throw new \RuntimeException(",ServiceUnavailableException,auto
149,Modules/Storage/Services/StorageConfigService.php,92,"throw new \RuntimeException(""Tenant {$tenantId} OSS config missing for disk {$disk}"");",DomainException,auto
150,Modules/Storage/Services/StorageConfigService.php,101,"throw new \RuntimeException('Platform OSS config missing for disk ' . $disk);",DomainException,auto
151,Modules/Storage/Services/StorageConfigService.php,264,"throw new \RuntimeException(",DomainException,auto
152,Modules/Ai/Services/AiUsageService.php,200,"throw new \RuntimeException($message);",DomainException,auto
153,Modules/Ai/Services/AiUsageService.php,241,"throw new \RuntimeException($message);",DomainException,auto
154,Modules/Ai/Services/AiConfigService.php,92,"throw new \RuntimeException(trans('ai.ai_capability_disabled', ['category' => $category]));",ServiceUnavailableException,auto
155,Modules/Ai/Services/AiConfigService.php,204,"throw new \RuntimeException(trans('ai.overage_action_invalid', ['action' => $action]));",DomainException,auto
156,Modules/Ai/Services/AiConfigService.php,272,"throw new \RuntimeException(trans('ai.config_import_invalid'));",DomainException,auto
157,Modules/Ai/Services/AiConfigService.php,302,"throw new \RuntimeException(trans('ai.overage_action_invalid', ['action' => $action]));",DomainException,auto
158,Modules/Ai/Services/AiImageService.php,368,"throw new RuntimeException(trans('ai.provider_not_implemented', ['provider' => $providerCode]));",ServiceUnavailableException,auto
159,Modules/Ai/Services/AiImageService.php,515,"throw new RuntimeException(trans('ai.image_input_not_found'));",NotFoundException,auto
160,Modules/Ai/Services/AiImageService.php,684,"throw new RuntimeException(trans('ai.invalid_prompt'));",DomainException,auto
161,Modules/Ai/Services/AiImageService.php,690,"throw new RuntimeException(trans('ai.image_prompt_too_long', ['max' => $max]));",DomainException,auto
162,Modules/Ai/Services/Agent/AgentService.php,342,"throw new \RuntimeException('无法从团队上下文解析 tenant_id');",DomainException,auto
163,Modules/Ai/Services/Agent/ActionConfirmService.php,78,"throw new \RuntimeException('确认凭证不存在或已过期，请重新发起操作');",NotFoundException,auto
164,Modules/Ai/Services/Agent/ActionConfirmService.php,86,"throw new \RuntimeException('确认凭证与当前会话不匹配');",DomainException,auto
165,Modules/Ai/Services/Agent/ActionConfirmService.php,90,"throw new \RuntimeException('操作参数与确认时不一致，已拒绝执行');",DomainException,auto
166,Modules/Ai/Services/Agent/AgentRuntime.php,1299,"throw new \RuntimeException('无法从团队上下文解析 tenant_id');",DomainException,auto
167,Modules/Ai/Services/Agent/MemoryCompressor.php,263,"throw new \RuntimeException('无法从团队上下文解析 tenant_id');",DomainException,auto
168,Modules/Ai/Services/Agent/ToolRegistry.php,147,"throw new \RuntimeException(""工具 [{$slug}] 未注册"");",DomainException,auto
169,Modules/Ai/Services/Agent/ToolRegistry.php,153,"throw new \RuntimeException(""工具 [{$slug}] 的处理器类 [{$handlerClass}] 不存在"");",NotFoundException,auto
170,Modules/Ai/Services/Agent/ToolRegistry.php,159,"throw new \RuntimeException(",DomainException,auto
171,Modules/Ai/Services/Agent/AgentMonitor.php,195,"throw new \RuntimeException('无法从团队上下文解析 tenant_id');",DomainException,auto
172,Modules/Ai/Services/AiGatewayService.php,257,"throw new \RuntimeException(trans('ai.streaming_disabled'));",ServiceUnavailableException,auto
173,Modules/Ai/Services/AiGatewayService.php,320,"throw new \RuntimeException(trans('ai.model_deprecated', ['model' => $model]));",DomainException,auto
174,Modules/Ai/Services/AiGatewayService.php,332,"throw new \RuntimeException(trans('ai.model_deprecated', ['model' => $model]));",DomainException,auto
175,Modules/Ai/Services/AiGatewayService.php,357,"throw new \RuntimeException(trans('ai.provider_not_implemented', ['provider' => $providerCode]));",ServiceUnavailableException,auto
176,Modules/Ai/Services/AiGatewayService.php,400,"throw new \RuntimeException(trans('ai.rate_limited', ['seconds' => $retryIn]));",QuotaExceededException,auto
177,Modules/Ai/Services/AiGatewayService.php,570,"throw new \RuntimeException(trans('ai.invalid_messages'));",DomainException,auto
178,Modules/Ai/Services/AiGatewayService.php,582,"throw new \RuntimeException(trans('ai.invalid_prompt'));",DomainException,auto
179,Modules/Ai/Services/AiGatewayService.php,597,"throw new \RuntimeException(trans('ai.invalid_input'));",DomainException,auto
180,Modules/Ai/Services/AiGatewayService.php,604,"throw new \RuntimeException(trans('ai.invalid_input'));",DomainException,auto
181,Modules/Ai/Services/AiVideoService.php,164,"throw new RuntimeException(trans('ai.video_frame_count_invalid'));",DomainException,auto
182,Modules/Ai/Services/AiVideoService.php,212,"throw new RuntimeException(trans('ai.video_task_not_found'));",NotFoundException,auto
183,Modules/Ai/Services/AiVideoService.php,483,"throw new RuntimeException(trans('ai.provider_not_implemented', ['provider' => $providerCode]));",ServiceUnavailableException,auto
184,Modules/Ai/Services/AiVideoService.php,597,"throw new RuntimeException(trans('ai.video_input_not_found'));",NotFoundException,auto
185,Modules/Ai/Services/AiVideoService.php,764,"throw new RuntimeException(trans('ai.invalid_prompt'));",DomainException,auto
186,Modules/Ai/Services/AiVideoService.php,770,"throw new RuntimeException(trans('ai.video_prompt_too_long', ['max' => $max]));",DomainException,auto
187,Modules/Ai/Services/Ai/Drivers/LaravelAiDriverAdapter.php,102,"throw new RuntimeException(""Provider [{$name}] 未配置"");",ServiceUnavailableException,auto
188,Modules/Ai/Services/Ai/Drivers/LaravelAiDriverAdapter.php,112,"throw new RuntimeException(""Provider [{$name}] 不可用（缺少 API Key）"");",DomainException,auto
189,Modules/Ai/Services/Ai/Providers/LaravelAiProviderAdapter.php,117,"throw new \RuntimeException(",DomainException,auto
190,Modules/Ai/Services/Ai/Providers/LaravelAiProviderAdapter.php,172,"throw new \RuntimeException(",DomainException,auto
191,Modules/Ai/Services/Ai/Providers/LaravelAiProviderAdapter.php,249,"throw new \RuntimeException(",DomainException,auto
192,Modules/Ai/Services/Ai/Providers/LaravelAiProviderAdapter.php,274,"throw new RuntimeException(",DomainException,auto
193,Modules/Ai/Services/Ai/Providers/LaravelAiProviderAdapter.php,317,"throw new RuntimeException(",DomainException,auto
194,Modules/Ai/Services/Ai/Providers/DalleImageProvider.php,61,"throw new \RuntimeException(trans('ai.image_operation_not_supported', [",DomainException,auto
195,Modules/Ai/Services/Ai/Providers/DalleImageProvider.php,72,"throw new \RuntimeException(trans('ai.image_operation_not_supported', [",DomainException,auto
196,Modules/Ai/Services/Ai/Providers/DalleImageProvider.php,83,"throw new \RuntimeException(trans('ai.image_operation_not_supported', [",DomainException,auto
197,Modules/Ai/Services/Ai/Providers/BailianImageProvider.php,30,"throw new RuntimeException('bailian provider 未配置（AI_BAILIAN_BASE_URL / AI_BAILIAN_API_KEY）');",ServiceUnavailableException,auto
198,Modules/Ai/Services/Ai/Providers/BailianImageProvider.php,48,"throw new RuntimeException(""bailian 图片生成失败（HTTP {$response->status()}）：{$message}"");",ServiceUnavailableException,auto
199,Modules/Ai/Services/Ai/Providers/BailianImageProvider.php,62,"throw new RuntimeException('bailian 图片生成返回空结果');",ServiceUnavailableException,auto
200,Modules/Ai/Services/Ai/Providers/BailianImageProvider.php,82,"throw new RuntimeException(trans('ai.image_operation_not_supported', [",ServiceUnavailableException,auto
201,Modules/Ai/Services/Ai/Providers/BailianImageProvider.php,93,"throw new RuntimeException(trans('ai.image_operation_not_supported', [",ServiceUnavailableException,auto
202,Modules/Ai/Services/Ai/Providers/BailianImageProvider.php,104,"throw new RuntimeException(trans('ai.image_operation_not_supported', [",ServiceUnavailableException,auto
203,Modules/Ai/Services/Ai/StableDiffusionProvider.php,69,"throw new \RuntimeException(trans('ai.provider_not_configured', ['provider' => 'stability']));",ServiceUnavailableException,auto
204,Modules/Ai/Services/Ai/StableDiffusionProvider.php,116,"throw new \RuntimeException(trans('ai.model_not_supported', [",ServiceUnavailableException,auto
205,Modules/Ai/Services/Ai/StableDiffusionProvider.php,155,"throw new \RuntimeException(trans($errorKey, ['provider' => 'stability']) . ' [' . $status . ']');",ServiceUnavailableException,auto
206,Modules/Ai/Services/Ai/StableDiffusionProvider.php,211,"throw new \RuntimeException(trans('ai.image_input_not_found'));",NotFoundException,auto
207,Modules/Ai/Services/Ai/StableDiffusionProvider.php,257,"throw new \RuntimeException(trans('ai.image_input_not_found'));",NotFoundException,auto
208,Modules/Ai/Services/Ai/StableDiffusionProvider.php,265,"throw new \RuntimeException(trans('ai.image_mask_not_found'));",NotFoundException,auto
209,Modules/Ai/Services/Ai/StableDiffusionProvider.php,286,"throw new \RuntimeException(trans('ai.provider_connection_error', ['provider' => 'stability']) . ': ' . $e->getMessage(), 0, $e);",ServiceUnavailableException,auto
210,Modules/Ai/Services/Ai/StableDiffusionProvider.php,294,"throw new \RuntimeException(trans('ai.provider_api_error', ['provider' => 'stability']) . ': ' . $e->getMessage(), 0, $e);",ServiceUnavailableException,auto
211,Modules/Ai/Services/Ai/StableDiffusionProvider.php,370,"throw new \RuntimeException(trans('ai.provider_connection_error', ['provider' => 'stability']) . ': ' . $e->getMessage(), 0, $e);",ServiceUnavailableException,auto
212,Modules/Ai/Services/Ai/StableDiffusionProvider.php,378,"throw new \RuntimeException(trans('ai.provider_api_error', ['provider' => 'stability']) . ': ' . $e->getMessage(), 0, $e);",ServiceUnavailableException,auto
213,Modules/Ai/Services/Ai/StableDiffusionProvider.php,405,"throw new \RuntimeException(trans('ai.provider_connection_error', ['provider' => 'stability']) . ': ' . $e->getMessage(), 0, $e);",ServiceUnavailableException,auto
214,Modules/Ai/Services/Ai/StableDiffusionProvider.php,413,"throw new \RuntimeException(trans('ai.provider_api_error', ['provider' => 'stability']) . ': ' . $e->getMessage(), 0, $e);",ServiceUnavailableException,auto
215,Modules/Ai/Services/Ai/RunwayProvider.php,93,"throw new \RuntimeException(trans('ai.provider_not_configured', ['provider' => 'runway']));",ServiceUnavailableException,auto
216,Modules/Ai/Services/Ai/RunwayProvider.php,135,"throw new \RuntimeException(trans('ai.model_not_supported', [",ServiceUnavailableException,auto
217,Modules/Ai/Services/Ai/RunwayProvider.php,182,"throw new \RuntimeException(trans($errorKey, ['provider' => 'runway']) . ' [' . $status . ']');",ServiceUnavailableException,auto
218,Modules/Ai/Services/Ai/RunwayProvider.php,309,"throw new \RuntimeException(trans('ai.provider_connection_error', ['provider' => 'runway']) . ': ' . $e->getMessage(), 0, $e);",ServiceUnavailableException,auto
219,Modules/Ai/Services/Ai/RunwayProvider.php,317,"throw new \RuntimeException(trans('ai.provider_api_error', ['provider' => 'runway']) . ': ' . $e->getMessage(), 0, $e);",ServiceUnavailableException,auto
220,Modules/Ai/Services/Ai/RunwayProvider.php,343,"throw new \RuntimeException(trans('ai.provider_connection_error', ['provider' => 'runway']) . ': ' . $e->getMessage(), 0, $e);",ServiceUnavailableException,auto
221,Modules/Ai/Services/Ai/RunwayProvider.php,351,"throw new \RuntimeException(trans('ai.provider_api_error', ['provider' => 'runway']) . ': ' . $e->getMessage(), 0, $e);",ServiceUnavailableException,auto
222,Modules/Ai/Services/Ai/KlingProvider.php,90,"throw new \RuntimeException(trans('ai.provider_not_configured', ['provider' => 'kling']));",ServiceUnavailableException,auto
223,Modules/Ai/Services/Ai/KlingProvider.php,132,"throw new \RuntimeException(trans('ai.model_not_supported', [",ServiceUnavailableException,auto
224,Modules/Ai/Services/Ai/KlingProvider.php,179,"throw new \RuntimeException(trans($errorKey, ['provider' => 'kling']) . ' [' . $status . ']');",ServiceUnavailableException,auto
225,Modules/Ai/Services/Ai/KlingProvider.php,275,"throw new \RuntimeException(trans('ai.video_operation_not_supported', [",ServiceUnavailableException,auto
226,Modules/Ai/Services/Ai/KlingProvider.php,304,"throw new \RuntimeException(trans('ai.provider_connection_error', ['provider' => 'kling']) . ': ' . $e->getMessage(), 0, $e);",ServiceUnavailableException,auto
227,Modules/Ai/Services/Ai/KlingProvider.php,312,"throw new \RuntimeException(trans('ai.provider_api_error', ['provider' => 'kling']) . ': ' . $e->getMessage(), 0, $e);",ServiceUnavailableException,auto
228,Modules/Ai/Services/Ai/KlingProvider.php,338,"throw new \RuntimeException(trans('ai.provider_connection_error', ['provider' => 'kling']) . ': ' . $e->getMessage(), 0, $e);",ServiceUnavailableException,auto
229,Modules/Ai/Services/Ai/KlingProvider.php,346,"throw new \RuntimeException(trans('ai.provider_api_error', ['provider' => 'kling']) . ': ' . $e->getMessage(), 0, $e);",ServiceUnavailableException,auto
230,Modules/Ai/Services/Ai/AiTextService.php,104,"throw new \RuntimeException(""AI driver [{$name}] is not registered in config(ai.drivers)."");",DomainException,auto
231,Modules/Ai/Services/Ai/ZhipuProvider.php,74,"throw new \RuntimeException(trans('ai.provider_not_configured', ['provider' => 'zhipu']));",ServiceUnavailableException,auto
232,Modules/Ai/Services/Ai/ZhipuProvider.php,112,"throw new \RuntimeException(trans('ai.provider_auth_failed', ['provider' => 'zhipu']));",ServiceUnavailableException,auto
233,Modules/Ai/Services/Ai/ZhipuProvider.php,167,"throw new \RuntimeException(trans('ai.model_not_supported', [",ServiceUnavailableException,auto
234,Modules/Ai/Services/Ai/ZhipuProvider.php,204,"throw new \RuntimeException(trans($errorKey, ['provider' => 'zhipu']) . ' [' . $status . ']');",ServiceUnavailableException,auto
235,Modules/Ai/Services/Ai/ZhipuProvider.php,226,"throw new \RuntimeException(trans('ai.provider_connection_error', ['provider' => 'zhipu']) . ': ' . $e->getMessage(), 0, $e);",ServiceUnavailableException,auto
236,Modules/Ai/Services/Ai/ZhipuProvider.php,234,"throw new \RuntimeException(trans('ai.provider_api_error', ['provider' => 'zhipu']) . ': ' . $e->getMessage(), 0, $e);",ServiceUnavailableException,auto
237,Modules/Ai/Services/Ai/ZhipuProvider.php,301,"throw new \RuntimeException(trans('ai.provider_connection_error', ['provider' => 'zhipu']) . ': ' . $e->getMessage(), 0, $e);",ServiceUnavailableException,auto
238,Modules/Ai/Services/Ai/ZhipuProvider.php,309,"throw new \RuntimeException(trans('ai.provider_api_error', ['provider' => 'zhipu']) . ': ' . $e->getMessage(), 0, $e);",ServiceUnavailableException,auto
239,Modules/Ai/Services/Ai/ZhipuProvider.php,361,"throw new \RuntimeException(trans('ai.provider_connection_error', ['provider' => 'zhipu']) . ': ' . $e->getMessage(), 0, $e);",ServiceUnavailableException,auto
240,Modules/Ai/Services/Ai/ZhipuProvider.php,369,"throw new \RuntimeException(trans('ai.provider_api_error', ['provider' => 'zhipu']) . ': ' . $e->getMessage(), 0, $e);",ServiceUnavailableException,auto
241,Modules/Ai/Services/AiTextService.php,124,"throw new RuntimeException(trans('ai.json_parse_failed'));",DomainException,auto
242,Modules/Ai/Services/AiTextService.php,190,"throw new RuntimeException(trans('ai.prompt_name_required'));",DomainException,auto
243,Modules/Ai/Services/AiTextService.php,194,"throw new RuntimeException(trans('ai.prompt_name_exists'));",DomainException,auto
244,Modules/Ai/Services/AiTextService.php,223,"throw new RuntimeException(trans('ai.prompt_not_found'));",NotFoundException,auto
245,Modules/Ai/Services/AiTextService.php,230,"throw new RuntimeException(trans('ai.prompt_name_required'));",DomainException,auto
246,Modules/Ai/Services/AiTextService.php,234,"throw new RuntimeException(trans('ai.prompt_name_exists'));",DomainException,auto
247,Modules/Ai/Services/AiTextService.php,265,"throw new RuntimeException(trans('ai.prompt_not_found'));",NotFoundException,auto
248,Modules/Ai/Services/AiTextService.php,269,"throw new RuntimeException(trans('ai.prompt_system_only'));",DomainException,auto
249,Modules/Ai/Services/AiTextService.php,384,"throw new RuntimeException(trans('ai.prompt_not_found'));",NotFoundException,auto
250,Modules/Ai/Services/AiTextService.php,388,"throw new RuntimeException(trans('ai.prompt_not_active'));",DomainException,auto
251,Modules/Ai/Services/AiTextService.php,516,"throw new RuntimeException(trans('ai.prompt_variable_missing', ['name' => $name]));",DomainException,auto
252,Modules/Ai/Services/Tool/DocumentParseTool.php,113,"throw new \RuntimeException('PDF 解析组件未安装（smalot/pdfparser），请将文档转存为 docx 或 txt 后重新上传');",ServiceUnavailableException,auto
253,Modules/Ai/Services/Tool/DocumentParseTool.php,142,"throw new \RuntimeException('not a local file');",StorageException,auto
254,Modules/Ai/Services/Tool/DocumentParseTool.php,193,"throw new \RuntimeException('docx 文件损坏或无法读取');",StorageException,auto
255,Modules/Ai/Services/Tool/DocumentParseTool.php,203,"throw new \RuntimeException('docx 内容缺失（word/document.xml 不存在）');",NotFoundException,auto
256,Modules/Workflow/Services/WorkflowDefinitionParser.php,318,"throw new \RuntimeException(",DomainException,auto
257,Modules/Workflow/Services/WorkflowEngine.php,56,"throw new \RuntimeException('Workflow has no nodes');",DomainException,auto
258,Modules/Workflow/Services/WorkflowEngine.php,62,"throw new \RuntimeException('Workflow has no start node');",DomainException,auto
259,Modules/Workflow/Services/WorkflowEngine.php,171,"throw new \RuntimeException('Only failed executions can be retried');",DomainException,auto
260,Modules/Workflow/Services/WorkflowEngine.php,177,"throw new \RuntimeException('Workflow not found for execution');",NotFoundException,auto
261,Modules/Workflow/Services/WorkflowService.php,88,"throw new \RuntimeException(""Workflow {$workflowId} is not active"");",DomainException,auto
262,Modules/Workflow/Services/WorkflowService.php,92,"throw new \RuntimeException(""Workflow {$workflowId} is disabled"");",ServiceUnavailableException,auto
263,Modules/Workflow/Services/RetryService.php,60,"throw new \RuntimeException(",DomainException,auto
264,Modules/Campaign/Services/PlanCompiler.php,151,"throw new \RuntimeException('计划校验不通过：' . implode('；', $errors));",DomainException,auto
265,Modules/Campaign/Services/PlanCompiler.php,157,"throw new \RuntimeException('锚点时间缺失：' . implode('、', $missingAnchors) . '（请在 anchor_times 中一次性提供全部锚点）');",DomainException,auto
266,Modules/Campaign/Services/PlanCompiler.php,192,"throw new \RuntimeException(""锚点时间缺失：{$anchorKey}（任务 {$key}）"");",DomainException,auto
267,Modules/Monitoring/Services/TrialService.php,52,"throw new \RuntimeException(trans('subscription.plan_not_available'));",DomainException,auto
268,Modules/Monitoring/Services/TrialService.php,56,"throw new \RuntimeException(trans('subscription.trial_already_active'));",DomainException,auto
269,Modules/Monitoring/Services/TrialService.php,142,"throw new \RuntimeException(trans('subscription.trial_extend_invalid_days'));",DomainException,auto
270,Modules/Monitoring/Services/TrialService.php,148,"throw new \RuntimeException(trans('subscription.trial_not_in_trial'));",DomainException,auto
271,Modules/Monitoring/Services/ReportService.php,225,"default => throw new \RuntimeException(trans('common.report_format_invalid')),",DomainException,auto
272,Modules/Monitoring/Services/ReportService.php,242,"default => throw new \RuntimeException(trans('common.report_frequency_invalid')),",DomainException,auto
273,Modules/Monitoring/Services/ReportService.php,305,"throw new \RuntimeException(trans('common.report_template_not_found'));",NotFoundException,auto
274,Modules/Monitoring/Services/ReportService.php,723,"throw new \RuntimeException(trans('common.report_export_unavailable'), 0, $e);",ServiceUnavailableException,auto
275,Modules/Monitoring/Services/ReportService.php,744,"throw new \RuntimeException(trans('common.report_export_unavailable'));",ServiceUnavailableException,auto
276,Modules/Monitoring/Services/ReportService.php,752,"throw new \RuntimeException(trans('common.report_export_unavailable'), 0, $e);",ServiceUnavailableException,auto
277,Modules/Infrastructure/Services/BackupService.php,71,"throw new \RuntimeException(""Backup file not found: {$backupPath}"");",NotFoundException,auto
278,Modules/Infrastructure/Services/BackupService.php,78,"throw new \RuntimeException('Invalid tenant backup file');",DomainException,auto
279,Modules/Infrastructure/Services/TenantProfileService.php,256,"throw new \RuntimeException(trans('common.trial_start_failed') . ': ' . $e->getMessage(), 0, $e);",StorageException,auto
280,Modules/Infrastructure/Services/TenantProfileService.php,289,"throw new \RuntimeException(trans('common.migration_same_tenant'));",DomainException,auto
281,Modules/Infrastructure/Services/TenantProfileService.php,326,"throw new \RuntimeException(trans('common.data_migration_failed') . ': ' . $e->getMessage(), 0, $e);",StorageException,auto
282,Modules/Infrastructure/Services/TenantProfileService.php,397,"throw new \RuntimeException(trans('common.cleanup_failed') . ': ' . $e->getMessage(), 0, $e);",ServiceUnavailableException,auto
283,Modules/Infrastructure/Services/ApiVersionService.php,51,"throw new \RuntimeException(trans('common.version_required'));",DomainException,auto
284,Modules/Infrastructure/Services/ApiVersionService.php,56,"throw new \RuntimeException(trans('common.version_already_exists', ['version' => $versionStr]));",ConflictException,auto
285,Modules/Infrastructure/Services/ModuleManager.php,180,"throw new \RuntimeException(""模块 [{$name}] 系统级未启用"");",ServiceUnavailableException,auto
286,Modules/Infrastructure/Services/ModuleManager.php,185,"throw new \RuntimeException(""模块 [{$name}] 不支持租户级切换"");",DomainException,auto
287,Modules/Infrastructure/Services/ModuleManager.php,219,"throw new \RuntimeException(""模块 [{$name}] 不支持租户级切换"");",DomainException,auto
288,Modules/Infrastructure/Services/ModuleManager.php,263,"throw new \RuntimeException(""模块 [{$name}] 未安装 (磁盘上不存在)"");",NotFoundException,auto
289,Modules/Infrastructure/Services/ModuleManager.php,301,"throw new \RuntimeException(""模块 [{$name}] 未安装 (磁盘上不存在)"");",NotFoundException,auto
290,Modules/Infrastructure/Services/ModuleManager.php,419,"throw new \RuntimeException('modules 表不存在, 请先运行迁移');",NotFoundException,auto
291,Modules/Infrastructure/Services/QueueService.php,142,"throw new \RuntimeException(trans('common.horizon_not_available'));",ServiceUnavailableException,auto
292,Modules/Infrastructure/Services/QueueService.php,158,"throw new \RuntimeException(trans('common.job_retry_failed') . ': ' . $e->getMessage(), 0, $e);",StorageException,auto
293,Modules/Infrastructure/Services/TenantKeyService.php,37,"throw new \RuntimeException(trans('tenant.key_already_exists'));",ConflictException,auto
294,Modules/Infrastructure/Services/TenantKeyService.php,55,"throw new \RuntimeException(trans('tenant.key_already_exists'));",ConflictException,auto
295,Modules/Infrastructure/Services/TenantKeyService.php,92,"throw new \RuntimeException(trans('tenant.key_not_found'));",NotFoundException,auto
296,Modules/Infrastructure/Services/TenantKeyService.php,122,"throw new \RuntimeException(trans('tenant.key_decrypt_failed'));",StorageException,auto
297,Modules/Infrastructure/Services/TenantKeyService.php,139,"throw new \RuntimeException(trans('tenant.key_not_found'));",NotFoundException,auto
298,Modules/Infrastructure/Services/TenantKeyService.php,182,"throw new \RuntimeException(trans('tenant.key_not_found'));",NotFoundException,auto
299,Modules/Infrastructure/Services/TenantKeyService.php,295,"throw new \RuntimeException(trans('tenant.key_byok_invalid'));",DomainException,auto
300,Modules/Infrastructure/Services/TenantKeyService.php,308,"throw new \RuntimeException(trans('tenant.key_decrypt_failed'));",StorageException,auto
301,Modules/Infrastructure/Services/TenantKeyService.php,323,"throw new \RuntimeException(trans('tenant.key_decrypt_failed'));",StorageException,auto
302,Modules/Infrastructure/Services/TenantKeyService.php,331,"throw new \RuntimeException(trans('tenant.key_decrypt_failed'));",StorageException,auto
303,Modules/Infrastructure/Services/TenantKeyService.php,346,"throw new \RuntimeException(trans('tenant.key_decrypt_failed'));",StorageException,auto
304,Modules/Infrastructure/Services/TenantKeyService.php,362,"throw new \RuntimeException(trans('tenant.key_decrypt_failed'));",StorageException,auto
305,Modules/Infrastructure/Services/TenantKeyService.php,370,"throw new \RuntimeException(trans('tenant.key_decrypt_failed'));",StorageException,auto
306,Modules/Infrastructure/Services/TenantKeyService.php,385,"throw new \RuntimeException(trans('tenant.key_master_key_missing'));",DomainException,auto
307,Modules/Infrastructure/Services/TenantOnboardingService.php,135,"throw new \RuntimeException(trans('tenant.onboarding.registration_failed'));",StorageException,auto
308,Modules/Infrastructure/Services/PdfService.php,23,"throw new \RuntimeException('PDF service unavailable: ' . $e->getMessage(), 0, $e);",ServiceUnavailableException,auto
309,Modules/Infrastructure/Services/CacheService.php,145,"throw new \RuntimeException(trans('common.admin_only'));",DomainException,auto
310,Modules/Infrastructure/Services/DataResidencyService.php,78,"throw new RuntimeException(",DomainException,auto
311,Modules/Infrastructure/Services/DataResidencyService.php,141,"throw new RuntimeException(",DomainException,auto
312,Modules/Infrastructure/Services/DataResidencyService.php,148,"throw new RuntimeException(trans('tenant.not_found'));",NotFoundException,auto
313,Modules/Infrastructure/Services/DataResidencyService.php,153,"throw new RuntimeException(",DomainException,auto
314,Modules/Infrastructure/Services/DataResidencyService.php,227,"throw new RuntimeException(",DomainException,auto
315,Modules/Infrastructure/Services/DataResidencyService.php,262,"throw new RuntimeException(trans('tenant.residency_migration_disabled'));",ServiceUnavailableException,auto
316,Modules/Infrastructure/Services/DataResidencyService.php,266,"throw new RuntimeException(trans('tenant.residency_region_unsupported', [",DomainException,auto
317,Modules/Infrastructure/Services/DataResidencyService.php,272,"throw new RuntimeException(trans('tenant.residency_migration_same_region'));",DomainException,auto
318,Modules/Infrastructure/Services/DataResidencyService.php,277,"throw new RuntimeException(",DomainException,auto
319,Modules/Infrastructure/Services/DataResidencyService.php,287,"throw new RuntimeException(trans('tenant.not_found'));",NotFoundException,auto
320,Modules/Infrastructure/Services/DataResidencyService.php,292,"throw new RuntimeException(",DomainException,auto
321,Modules/Infrastructure/Services/IsolationService.php,169,"throw new RuntimeException(",DomainException,auto
322,Modules/Infrastructure/Services/IsolationService.php,283,"throw new RuntimeException(",DomainException,auto
323,Modules/Infrastructure/Services/TenantCloneService.php,50,"throw new RuntimeException(trans('tenant.clone_source_not_found'));",NotFoundException,auto
324,Modules/Infrastructure/Services/TenantCloneService.php,55,"throw new RuntimeException(trans('tenant.clone_slug_required'));",DomainException,auto
325,Modules/Infrastructure/Services/TenantCloneService.php,59,"throw new RuntimeException(trans('tenant.clone_slug_in_use'));",DomainException,auto
326,Modules/Infrastructure/Services/TenantCloneService.php,107,"throw new RuntimeException(trans('tenant.not_found'));",NotFoundException,auto
327,Modules/Infrastructure/Services/TenantCloneService.php,150,"throw new RuntimeException(trans('tenant.not_found'));",NotFoundException,auto
328,Modules/Infrastructure/Services/TenantCloneService.php,154,"throw new RuntimeException(trans('tenant.clone_snapshot_invalid'));",DomainException,auto
329,Modules/Infrastructure/Services/TenantCloneService.php,176,"throw new RuntimeException(trans('tenant.clone_snapshot_invalid'));",DomainException,auto
330,Modules/Infrastructure/Services/ModuleRegistry.php,389,"throw new \RuntimeException(""检测到循环依赖: {$name}"");",DomainException,auto
331,Modules/Infrastructure/Services/BrandingService.php,135,"throw new \RuntimeException(trans('tenant.branding_domain_invalid'));",DomainException,auto
332,Modules/Infrastructure/Services/BrandingService.php,141,"throw new \RuntimeException(trans('tenant.branding_domain_invalid'));",DomainException,auto
333,Modules/Infrastructure/Services/BrandingService.php,150,"throw new \RuntimeException(trans('tenant.branding_domain_in_use'));",DomainException,auto
334,Modules/Infrastructure/Services/BrandingService.php,224,"throw new \RuntimeException(trans('tenant.branding_logo_invalid'));",DomainException,auto
335,Modules/Infrastructure/Services/BrandingService.php,228,"throw new \RuntimeException(trans('tenant.branding_logo_too_large'));",DomainException,auto
336,Modules/Infrastructure/Services/ExportService.php,185,"throw new \RuntimeException(trans('common.task_not_found'));",NotFoundException,auto
337,Modules/Infrastructure/Services/ExportService.php,189,"throw new \RuntimeException(trans('common.task_not_completed'));",DomainException,auto
338,Modules/Infrastructure/Services/ExportService.php,194,"throw new \RuntimeException(trans('common.file_not_found'));",NotFoundException,auto
339,Modules/Infrastructure/Services/ExportService.php,205,"throw new \RuntimeException(trans('common.cross_tenant_forbidden'));",PermissionDeniedException,auto
340,Modules/Infrastructure/Services/CrossTenantService.php,54,"throw new RuntimeException(trans('tenant.hierarchy_self_reference'));",DomainException,auto
341,Modules/Infrastructure/Services/CrossTenantService.php,58,"throw new RuntimeException(trans('tenant.hierarchy_parent_not_found'));",NotFoundException,auto
342,Modules/Infrastructure/Services/CrossTenantService.php,61,"throw new RuntimeException(trans('tenant.hierarchy_child_not_found'));",NotFoundException,auto
343,Modules/Infrastructure/Services/CrossTenantService.php,65,"throw new RuntimeException(",DomainException,auto
344,Modules/Infrastructure/Services/CrossTenantService.php,76,"throw new RuntimeException(trans('tenant.hierarchy_already_exists'));",ConflictException,auto
345,Modules/Infrastructure/Services/CrossTenantService.php,295,"throw new RuntimeException(trans('tenant.hierarchy_parent_not_found'));",NotFoundException,auto
346,Modules/Infrastructure/Services/CrossTenantService.php,341,"throw new RuntimeException(",NotFoundException,auto
347,Modules/Infrastructure/Services/ImageService.php,160,"throw new \RuntimeException(""Image file not found: {$path}"");",NotFoundException,auto
348,Modules/Infrastructure/Services/ImageService.php,165,"throw new \RuntimeException(""Invalid image file: {$path}"");",DomainException,auto
349,Modules/Infrastructure/Services/ImageService.php,173,"default => throw new \RuntimeException(""Unsupported image type: {$info[2]}""),",DomainException,auto
350,Modules/Infrastructure/Services/AlertService.php,99,"throw new \RuntimeException(trans('common.rule_name_required'));",DomainException,auto
351,Modules/DeveloperPortal/Services/SandboxService.php,115,"throw new \RuntimeException(trans('common.sandbox_not_found'));",NotFoundException,auto
352,Modules/DeveloperPortal/Services/SandboxService.php,118,"throw new \RuntimeException(trans('common.sandbox_expired'));",DomainException,auto
353,Modules/DeveloperPortal/Services/SandboxService.php,123,"throw new \RuntimeException(trans('common.sandbox_not_found'));",NotFoundException,auto
354,Modules/ApiToken/Services/ApiTokenService.php,80,"throw new RuntimeException('[ApiTokenService] ' . trans('apitoken.token_not_found') . ': ' . $tokenName);",NotFoundException,auto
355,Modules/ApiToken/Services/ApiTokenService.php,89,"throw new RuntimeException('[ApiTokenService] ' . trans('apitoken.key_incomplete') . ': ' . $item['id']);",DomainException,auto
356,Modules/ApiToken/Services/ApiTokenService.php,250,"throw new RuntimeException('[ApiTokenService] ' . trans('apitoken.promo_token_not_found') . ': ' . $tokenName);",NotFoundException,auto
357,Modules/ApiToken/Services/ApiTokenService.php,257,"throw new RuntimeException('[ApiTokenService] ' . trans('apitoken.promo_key_incomplete') . ': ' . $item['id']);",DomainException,auto
358,Modules/ApiToken/Services/ApiTokenService.php,530,"throw new RuntimeException(",DomainException,auto
359,Modules/ApiToken/Services/ApiTokenService.php,544,"throw new RuntimeException(",DomainException,auto
360,Modules/Domain/Services/DomainService.php,77,"throw new \RuntimeException(trans('domain.not_configured'));",ServiceUnavailableException,auto
361,Modules/Domain/Services/DomainService.php,167,"throw new \RuntimeException(trans('domain.not_configured'));",ServiceUnavailableException,auto
362,Modules/Lottery/Services/LotteryService.php,155,"throw new \RuntimeException(trans('lottery.activity_not_active'));",DomainException,auto
363,Modules/Lottery/Services/LotteryService.php,161,"throw new \RuntimeException(trans('lottery.activity_not_started'));",DomainException,auto
364,Modules/Lottery/Services/LotteryService.php,164,"throw new \RuntimeException(trans('lottery.activity_ended'));",DomainException,auto
365,Modules/Billing/Services/StripeService.php,40,"throw new \RuntimeException(trans('payment.driver_not_configured', ['driver' => 'stripe', 'tenant' => $tenantId]));",ServiceUnavailableException,auto
366,Modules/Billing/Services/StripeService.php,85,"throw new \RuntimeException(trans('payment.stripe_create_failed') . ': ' . $resp->body());",ServiceUnavailableException,auto
367,Modules/Billing/Services/StripeService.php,114,"throw new \RuntimeException(trans('payment.stripe_intent_failed') . ': ' . $resp->body());",ServiceUnavailableException,auto
368,Modules/Billing/Services/StripeService.php,146,"throw new \RuntimeException(trans('payment.stripe_refund_failed') . ': ' . $resp->body());",ServiceUnavailableException,auto
369,Modules/Billing/Services/StripeService.php,172,"throw new \RuntimeException(trans('payment.stripe_signature_invalid'));",ServiceUnavailableException,auto
370,Modules/Billing/Services/StripeService.php,202,"throw new \RuntimeException(trans('payment.stripe_webhook_secret_not_configured'));",ServiceUnavailableException,auto
371,Modules/Billing/Services/SubscriptionService.php,32,"throw new \RuntimeException(trans('subscription.plan_not_available'));",DomainException,auto
372,Modules/Billing/Services/SubscriptionService.php,106,"throw new \RuntimeException(trans('subscription.plan_not_available'));",DomainException,auto
373,Modules/Billing/Services/UnionPayService.php,55,"throw new \RuntimeException(trans('payment.driver_not_configured', ['driver' => 'unionpay', 'tenant' => $tenantId]));",ServiceUnavailableException,auto
374,Modules/Billing/Services/UnionPayService.php,115,"throw new \RuntimeException(trans('payment.unionpay_query_failed') . ': ' . $resp->body());",ServiceUnavailableException,auto
375,Modules/Billing/Services/UnionPayService.php,167,"throw new \RuntimeException(trans('payment.unionpay_refund_failed') . ': ' . $resp->body());",ServiceUnavailableException,auto
376,Modules/Billing/Services/UnionPayService.php,190,"throw new \RuntimeException(trans('payment.unionpay_signature_invalid'));",ServiceUnavailableException,auto
377,Modules/Billing/Services/TaxService.php,63,"throw new \RuntimeException(trans('payment.tax_region_unsupported'));",DomainException,auto
378,Modules/Billing/Services/TaxService.php,103,"default => throw new \RuntimeException(trans('payment.tax_region_unsupported')),",DomainException,auto
379,Modules/Billing/Services/TaxService.php,226,"throw new \RuntimeException(trans('payment.tax_rule_not_found'));",NotFoundException,auto
380,Modules/Billing/Services/RefundService.php,40,"throw new \RuntimeException(trans('payment.order_not_found'));",NotFoundException,auto
381,Modules/Billing/Services/RefundService.php,44,"throw new \RuntimeException(trans('payment.order_status_invalid'));",DomainException,auto
382,Modules/Billing/Services/RefundService.php,48,"throw new \RuntimeException(trans('payment.refund_amount_exceeds'));",DomainException,auto
383,Modules/Billing/Services/RefundService.php,63,"throw new \RuntimeException(trans('payment.unsupported_driver') . "": {$driver}"");",DomainException,auto
384,Modules/Billing/Services/RefundService.php,163,"throw new \RuntimeException(trans('payment.order_not_found'));",NotFoundException,auto
385,Modules/Billing/Services/RefundService.php,238,"throw new \RuntimeException(trans('payment.missing_tenant_callback'));",DomainException,auto
386,Modules/Billing/Services/PaymentSecurityService.php,35,"throw new \RuntimeException(trans('payment.password_feature_disabled'));",ServiceUnavailableException,auto
387,Modules/Billing/Services/PaymentSecurityService.php,39,"throw new \RuntimeException(trans('payment.password_too_short'));",DomainException,auto
388,Modules/Billing/Services/PlanChangeService.php,100,"throw new \RuntimeException('subscription.plan_not_available');",DomainException,auto
389,Modules/Billing/Services/PlanChangeService.php,104,"throw new \RuntimeException('subscription.tenant_suspended');",DomainException,auto
390,Modules/Billing/Services/PlanChangeService.php,111,"throw new \RuntimeException('subscription.plan_unchanged');",DomainException,auto
391,Modules/Billing/Services/PayService.php,63,"throw new \RuntimeException(""租户 {$tenantId} 未配置 {$driver} 支付"");",ServiceUnavailableException,auto
392,Modules/Billing/Services/PayService.php,147,"throw new \RuntimeException(trans('payment.missing_tenant_callback'));",DomainException,auto
393,Modules/Billing/Services/PayPalService.php,47,"throw new \RuntimeException(trans('payment.driver_not_configured', ['driver' => 'paypal', 'tenant' => $tenantId]));",ServiceUnavailableException,auto
394,Modules/Billing/Services/PayPalService.php,65,"throw new \RuntimeException(trans('payment.paypal_token_failed') . ': ' . $resp->body());",ServiceUnavailableException,auto
395,Modules/Billing/Services/PayPalService.php,113,"throw new \RuntimeException(trans('payment.paypal_create_failed') . ': ' . $resp->body());",ServiceUnavailableException,auto
396,Modules/Billing/Services/PayPalService.php,143,"throw new \RuntimeException(trans('payment.paypal_capture_failed') . ': ' . $resp->body());",ServiceUnavailableException,auto
397,Modules/Billing/Services/PayPalService.php,180,"throw new \RuntimeException(trans('payment.paypal_refund_failed') . ': ' . $resp->body());",ServiceUnavailableException,auto
398,Modules/Billing/Services/PayPalService.php,203,"throw new \RuntimeException(trans('payment.paypal_signature_invalid'));",ServiceUnavailableException,auto
399,Modules/Billing/Services/PayPalService.php,236,"throw new \RuntimeException(trans('payment.paypal_webhook_not_configured'));",ServiceUnavailableException,auto
400,Modules/Billing/Services/InvoiceService.php,89,"throw new \RuntimeException(trans('payment.invoice_status_invalid'));",DomainException,auto
401,Modules/Billing/Services/InvoiceService.php,107,"throw new \RuntimeException(trans('payment.invoice_status_invalid'));",DomainException,auto
402,Modules/Billing/Services/InvoiceService.php,124,"throw new \RuntimeException(trans('payment.invoice_already_void'));",DomainException,auto
403,Modules/Billing/Services/InvoiceService.php,128,"throw new \RuntimeException(trans('payment.invoice_cannot_void_paid'));",DomainException,auto
404,Modules/Billing/Services/InvoiceService.php,132,"throw new \RuntimeException(trans('payment.invoice_cannot_void'));",DomainException,auto
405,Modules/Billing/Services/InvoiceService.php,149,"throw new \RuntimeException(trans('payment.invoice_status_invalid'));",DomainException,auto
406,Modules/Billing/Services/InvoiceService.php,276,"throw new \RuntimeException(trans('payment.invoice_not_found'));",NotFoundException,auto
407,Scopes/TenantScope.php,137,"throw new \RuntimeException(",DomainException,auto
408,Services/Channel/ChannelManager.php,74,"throw new RuntimeException(""Channel [{$type}] not configured for tenant {$tenantId}"");",ServiceUnavailableException,auto
